{"counts": {"g": 203, "s": 101, "p": 63, "a": 106, "m": 140, "o": 305, "ov": 82}, "sentiment analysis": {"g": {"negative": 0.45320197044334976, "neutral": 0.4433497536945813, "positive": 0.10344827586206896, "average": -0.3497536945812808}, "s": {"negative": 0.1782178217821782, "neutral": 0.6237623762376238, "positive": 0.19801980198019803, "average": 0.01980198019801982}, "p": {"negative": 0.31746031746031744, "neutral": 0.3492063492063492, "positive": 0.3333333333333333, "average": 0.015873015873015872}, "a": {"negative": 0.5566037735849056, "neutral": 0.3584905660377358, "positive": 0.08490566037735849, "average": -0.4716981132075472}, "m": {"negative": 0.4714285714285714, "neutral": 0.39285714285714285, "positive": 0.1357142857142857, "average": -0.33571428571428574}, "o": {"negative": 0.26229508196721313, "neutral": 0.5934426229508196, "positive": 0.14426229508196722, "average": -0.1180327868852459}, "ov": {"negative": 0.32926829268292684, "neutral": 0.5487804878048781, "positive": 0.12195121951219512, "average": -0.20731707317073172}}}